sigla,razao_social,nome_fantasia,cnpj,tipo_parceria,porte,segmento,fl_entrega_agendada,dt_inicio_contrato,dt_cancelamento,ativo,otif_contratual,perfil
WKA,Woonka Chocolates INDÚSTRIA E COMÉRCIO LTDA,Woonka Chocolates,46044451000121,CLIENTE,MEGA,ALIMENTICIO,True,2017-03-15,,True,0.96,REGULAR
DRH,Derma Health COMÉRCIO E DISTRIBUIÇÃO LTDA,Derma Health,92786134000106,CLIENTE,MEGA,COSMETICOS_DERMATOLOGICOS,True,2017-08-02,,True,0.97,REGULAR
STK,Stark Technologi COMÉRCIO E DISTRIBUIÇÃO LTDA,Stark Technologi,85331711000100,CLIENTE,MEGA,ELETRONICOS,False,2018-05-10,,True,0.97,REGULAR
LXM,Lux Acessórios & Moda COMÉRCIO LTDA,Lux Acessórios & Moda,75021251000151,CLIENTE,MEGA,MODA_ACESSORIOS,True,2019-02-20,,True,0.97,REGULAR
GCH,Green Chemmical INDÚSTRIA QUÍMICA LTDA,Green Chemmical,21655656000112,CLIENTE,MEGA,QUIMICO_LIMPEZA,True,2020-09-08,,True,0.97,REGULAR
MGV,Med Group Vitta COMÉRCIO E DISTRIBUIÇÃO LTDA,Med Group Vitta,40188919000175,CLIENTE,MEDIA,AGRICOLA,True,2016-02-20,,True,0.90,FIEL
VGM,Vita Group Medical BRASIL LTDA,Vita Group Medical,84578031000114,CLIENTE,GRANDE,SAUDE_HUMANA,False,2021-12-05,2025-05-06,False,0.98,REGULAR
VTC,BioVet Care COMÉRCIO E DISTRIBUIÇÃO LTDA,BioVet Care,49843197000110,CLIENTE,MEDIA,AGRICOLA,True,2016-05-14,,True,0.90,FIEL
VGB,Vitta Group Belle BRASIL LTDA,Vitta Group Belle,80153050000148,CLIENTE,GRANDE,ESTETICA_BELEZA,True,2020-04-19,,True,0.95,REGULAR
MGF,Marea Group Fashion LTDA,Marea Group Fashion,67888628000146,CLIENTE,MICRO,MODA_ACESSORIOS,False,2020-08-24,2025-04-04,False,0.90,REGULAR
BSB,BioOral Solutions LTDA,BioOral Solutions,34806162000133,CLIENTE,PEQUENA,ODONTOLOGICO,True,2020-04-17,2025-03-03,False,0.90,REGULAR
TAT,Trama Atelier BRASIL LTDA,Trama Atelier,15920235000179,CLIENTE,MEDIA,AGRICOLA,True,2016-05-01,,True,0.90,FIEL
SGS,Strong Group Sport INDÚSTRIA E COMÉRCIO LTDA,Strong Group Sport,37270302000190,CLIENTE,GRANDE,SUPLEMENTOS_ALIMENTARES,False,2023-11-03,,True,0.95,REGULAR
BAB,BelaMesa Alimentos COMÉRCIO E DISTRIBUIÇÃO LTDA,BelaMesa Alimentos,78664316000175,CLIENTE,GRANDE,ALIMENTICIO,True,2022-04-11,2025-04-03,False,0.98,REGULAR
VFV,Voga Fashion COMÉRCIO E DISTRIBUIÇÃO LTDA,Voga Fashion,41312559000134,CLIENTE,GRANDE,MODA_ACESSORIOS,True,2016-11-17,2024-07-26,False,0.95,REGULAR
LMB,Lumi Belle BRASIL LTDA,Lumi Belle,12880021000128,CLIENTE,PEQUENA,ESTETICA_BELEZA,True,2023-06-20,2025-02-27,False,0.90,REGULAR
NBN,Nobre Brasil BRASIL LTDA,Nobre Brasil,90434820000184,CLIENTE,PEQUENA,JOALHERIA,True,2019-10-19,,True,0.90,REGULAR
NCN,Noma Collection BRASIL LTDA,Noma Collection,30933122000100,CLIENTE,MICRO,MODA_ACESSORIOS,False,2019-12-27,,True,0.90,REGULAR
SFR,Safira Gemas BRASIL LTDA,Safira Gemas,53015973000160,CLIENTE,PEQUENA,JOALHERIA,False,2019-01-08,2025-04-07,False,0.90,REGULAR
VTT,Vitta Care COMÉRCIO E DISTRIBUIÇÃO LTDA,Vitta Care,26877958000159,CLIENTE,GRANDE,ESTETICA_BELEZA,True,2021-11-14,2025-06-19,False,0.98,REGULAR
DDD,Dermo Derm LTDA,Dermo Derm,59987852000167,CLIENTE,MEDIA,AGRICOLA,False,2016-06-22,,True,0.90,FIEL
NSN,Nexa Smart S.A.,Nexa Smart,83298527000171,CLIENTE,MEDIA,ELETRONICOS,True,2016-01-16,,True,0.90,FIEL
MSM,Med Solutions LTDA,Med Solutions,84110884000127,CLIENTE,MEDIA,SAUDE_HUMANA,True,2016-05-20,,True,0.90,FIEL
ECS,Essenza Cosmetics S.A.,Essenza Cosmetics,49854559000178,CLIENTE,MEDIA,ESTETICA_BELEZA,True,2016-06-14,,True,0.90,FIEL
VVV,Vita Vitta INDÚSTRIA E COMÉRCIO LTDA,Vita Vitta,70658439000191,CLIENTE,PEQUENA,SAUDE_HUMANA,False,2022-03-07,,True,0.90,REGULAR
LGF,Linea Group Fashion BRASIL LTDA,Linea Group Fashion,97832082000172,CLIENTE,PEQUENA,MODA_ACESSORIOS,True,2017-01-22,2023-05-10,False,0.90,REGULAR
AGG,Alimora Group Gourmet S.A.,Alimora Group Gourmet,45356186000154,CLIENTE,GRANDE,ALIMENTICIO,True,2018-11-04,,True,0.95,REGULAR
CSC,Core Sport S.A.,Core Sport,45349462000157,CLIENTE,MEDIA,SUPLEMENTOS_ALIMENTARES,False,2016-02-10,,True,0.90,FIEL
SMS,Sorriso Medical S.A.,Sorriso Medical,53890034000165,CLIENTE,MEDIA,ODONTOLOGICO,False,2016-04-08,,True,0.90,FIEL
VLV,VitaUp Life BRASIL LTDA,VitaUp Life,35482426000103,CLIENTE,MEDIA,SUPLEMENTOS_ALIMENTARES,True,2016-02-11,,True,0.90,FIEL
EBS,Essenza Beauty LTDA,Essenza Beauty,64322646000178,CLIENTE,MICRO,ESTETICA_BELEZA,False,2022-06-09,,True,0.90,REGULAR
CDC,Core Digital S.A.,Core Digital,76032823000160,CLIENTE,MEDIA,ELETRONICOS,False,2020-01-19,2023-02-05,False,0.90,REGULAR
MFM,Marea Fashion BRASIL LTDA,Marea Fashion,43278540000144,CLIENTE,GRANDE,MODA_ACESSORIOS,True,2020-10-04,2025-07-28,False,0.98,REGULAR
LCL,LumiDerma Cosmetics BRASIL LTDA,LumiDerma Cosmetics,38071872000113,CLIENTE,PEQUENA,COSMETICOS_DERMATOLOGICOS,True,2019-10-27,2023-10-18,False,0.90,REGULAR
DHD,Derma Health S.A.,Derma Health,25483230000180,CLIENTE,MEDIA,COSMETICOS_DERMATOLOGICOS,True,2019-02-16,2021-08-21,False,0.90,REGULAR
AST,Atlas Supplements LTDA,Atlas Supplements,18356658000104,CLIENTE,PEQUENA,SUPLEMENTOS_ALIMENTARES,True,2019-07-03,2025-05-21,False,0.90,REGULAR
CHC,Cutis Health S.A.,Cutis Health,40879857000148,CLIENTE,MEDIA,COSMETICOS_DERMATOLOGICOS,False,2021-01-28,2022-01-04,False,0.90,REGULAR
ANG,AgroVet Nutrition INDÚSTRIA E COMÉRCIO LTDA,AgroVet Nutrition,40546161000108,CLIENTE,MEDIA,SAUDE_ANIMAL,False,2024-05-11,,True,0.90,REGULAR
LJL,Lúmina Joias S.A.,Lúmina Joias,55883528000148,CLIENTE,GRANDE,JOALHERIA,True,2019-10-02,2025-05-11,False,0.98,REGULAR
GEG,Glow Estética BRASIL LTDA,Glow Estética,33200886000176,CLIENTE,GRANDE,ESTETICA_BELEZA,True,2022-09-13,,True,0.95,REGULAR
OLR,Oral Lab INDÚSTRIA E COMÉRCIO LTDA,Oral Lab,57580933000112,CLIENTE,PEQUENA,ODONTOLOGICO,True,2022-01-11,2023-06-03,False,0.90,REGULAR
LDL,LumiDerma Derm LTDA,LumiDerma Derm,19542327000113,CLIENTE,PEQUENA,COSMETICOS_DERMATOLOGICOS,True,2017-10-03,2022-10-04,False,0.90,REGULAR
MLM,MundoVet Life COMÉRCIO E DISTRIBUIÇÃO LTDA,MundoVet Life,46326406000160,CLIENTE,GRANDE,SAUDE_ANIMAL,True,2025-04-11,,True,0.95,REGULAR
MCM,Maison Cosmetics INDÚSTRIA E COMÉRCIO LTDA,Maison Cosmetics,20091755000156,CLIENTE,MEDIA,ESTETICA_BELEZA,False,2018-05-16,2025-10-12,False,0.90,REGULAR
CGD,Cutis Group Derm LTDA,Cutis Group Derm,62591820000152,CLIENTE,GRANDE,COSMETICOS_DERMATOLOGICOS,True,2023-11-03,,True,0.95,REGULAR
CBC,ClariSkin Brasil INDÚSTRIA E COMÉRCIO LTDA,ClariSkin Brasil,43497831000123,CLIENTE,MEDIA,COSMETICOS_DERMATOLOGICOS,False,2019-02-04,2022-04-14,False,0.90,REGULAR
BFB,BelaMesa Foods S.A.,BelaMesa Foods,77690793000142,CLIENTE,GRANDE,ALIMENTICIO,True,2017-11-07,2025-07-17,False,0.98,REGULAR
VPV,Vet Prime BRASIL LTDA,Vet Prime,68362665000189,CLIENTE,GRANDE,SAUDE_ANIMAL,False,2018-12-03,2024-08-03,False,0.95,REGULAR
FGV,Fauna Group Vitta S.A.,Fauna Group Vitta,33591078000187,CLIENTE,PEQUENA,SAUDE_ANIMAL,True,2024-01-04,,True,0.90,REGULAR
MEM,Magnólia Estética LTDA,Magnólia Estética,78260046000137,CLIENTE,GRANDE,ESTETICA_BELEZA,True,2019-11-15,2023-10-25,False,0.95,REGULAR
TGT,TerraDourada Gourmet INDÚSTRIA E COMÉRCIO LTDA,TerraDourada Gourmet,59055979000148,CLIENTE,PEQUENA,ALIMENTICIO,True,2020-08-26,,True,0.90,REGULAR
PHP,PrimeNutri Health INDÚSTRIA E COMÉRCIO LTDA,PrimeNutri Health,25766613000165,CLIENTE,MICRO,SUPLEMENTOS_ALIMENTARES,True,2018-03-21,2023-09-08,False,0.90,REGULAR
PBP,Petra Brasil S.A.,Petra Brasil,20949771000137,CLIENTE,PEQUENA,SAUDE_ANIMAL,True,2023-11-19,2024-06-08,False,0.90,REGULAR
MMM,Med Medical BRASIL LTDA,Med Medical,44801674000160,CLIENTE,GRANDE,SAUDE_HUMANA,True,2020-07-11,2025-01-25,False,0.98,REGULAR
ADR,Aurum Design INDÚSTRIA E COMÉRCIO LTDA,Aurum Design,52644377000187,CLIENTE,PEQUENA,JOALHERIA,False,2018-04-13,,True,0.90,REGULAR
MLR,Molar Solutions COMÉRCIO E DISTRIBUIÇÃO LTDA,Molar Solutions,54620180000133,CLIENTE,GRANDE,ODONTOLOGICO,False,2019-01-28,2025-01-26,False,0.98,REGULAR
NTR,Nutra Science LTDA,Nutra Science,32151687000152,CLIENTE,MEDIA,SUPLEMENTOS_ALIMENTARES,False,2018-04-18,,True,0.90,REGULAR
PPP,Plena Pharma COMÉRCIO E DISTRIBUIÇÃO LTDA,Plena Pharma,72225258000105,CLIENTE,PEQUENA,SAUDE_HUMANA,True,2016-03-16,,True,0.90,REGULAR
RBT,Orbit Labs BRASIL LTDA,Orbit Labs,82282519000174,CLIENTE,MEDIA,ELETRONICOS,True,2018-11-18,,True,0.90,REGULAR
DBD,Dental Brasil S.A.,Dental Brasil,28218942000160,CLIENTE,MICRO,ODONTOLOGICO,True,2016-11-24,,True,0.90,REGULAR
ATX,Axion Tech COMÉRCIO E DISTRIBUIÇÃO LTDA,Axion Tech,41756334000177,CLIENTE,MEDIA,ELETRONICOS,True,2020-09-09,2021-10-23,False,0.90,REGULAR
TRS,Nutra Sport LTDA,Nutra Sport,66430578000196,CLIENTE,MEDIA,SUPLEMENTOS_ALIMENTARES,False,2018-09-18,2025-11-23,False,0.90,REGULAR
WDW,Woonka Delícias S.A.,Woonka Delícias,35868903000173,CLIENTE,MEDIA,ALIMENTICIO,True,2024-06-13,,True,0.90,REGULAR
OJR,Orbe Jewels BRASIL LTDA,Orbe Jewels,84759529000183,CLIENTE,MEDIA,JOALHERIA,True,2024-06-11,2025-07-06,False,0.90,REGULAR
AHG,AgroVet Health COMÉRCIO E DISTRIBUIÇÃO LTDA,AgroVet Health,92440761000182,CLIENTE,PEQUENA,SAUDE_ANIMAL,True,2020-08-01,2023-06-28,False,0.90,REGULAR
MBT,Lumi Beauty S.A.,Lumi Beauty,22022629000175,CLIENTE,PEQUENA,ESTETICA_BELEZA,False,2020-04-25,2023-02-19,False,0.90,REGULAR
EGC,Éclat Gemas BRASIL LTDA,Éclat Gemas,84911899000194,CLIENTE,GRANDE,JOALHERIA,True,2019-10-16,,True,0.95,REGULAR
AGS,Arcus Group Solutions LTDA,Arcus Group Solutions,37875614000127,CLIENTE,PEQUENA,ODONTOLOGICO,True,2022-12-01,2023-10-06,False,0.90,REGULAR
MBR,Âmbar Group Style LTDA,Âmbar Group Style,21174538000192,CLIENTE,MEDIA,MODA_ACESSORIOS,True,2018-05-04,,True,0.90,REGULAR
VSV,VittaDerma Science S.A.,VittaDerma Science,22674940000107,CLIENTE,PEQUENA,COSMETICOS_DERMATOLOGICOS,True,2021-01-20,2022-06-24,False,0.90,REGULAR
AOR,Aurum Ouro INDÚSTRIA E COMÉRCIO LTDA,Aurum Ouro,73898226000125,CLIENTE,MEDIA,JOALHERIA,True,2019-12-13,2025-12-11,False,0.90,REGULAR
DGH,Dermo Group Health BRASIL LTDA,Dermo Group Health,55496705000133,CLIENTE,MICRO,COSMETICOS_DERMATOLOGICOS,False,2023-02-13,2024-06-16,False,0.90,REGULAR
DGP,Dente Group Prime BRASIL LTDA,Dente Group Prime,64536935000170,CLIENTE,GRANDE,ODONTOLOGICO,True,2017-02-16,2025-08-09,False,0.98,REGULAR
TTG,Vitta Group Moda INDÚSTRIA E COMÉRCIO LTDA,Vitta Group Moda,91931514000116,CLIENTE,MEDIA,MODA_ACESSORIOS,True,2020-08-10,,True,0.90,REGULAR
SOS,Safira Ouro BRASIL LTDA,Safira Ouro,66424376000131,CLIENTE,GRANDE,JOALHERIA,False,2018-03-19,2023-01-28,False,0.95,REGULAR
MPM,Molar Pro COMÉRCIO E DISTRIBUIÇÃO LTDA,Molar Pro,79929909000189,CLIENTE,MICRO,ODONTOLOGICO,True,2024-03-22,,True,0.90,REGULAR
CLC,Clin Labs BRASIL LTDA,Clin Labs,10966249000100,CLIENTE,PEQUENA,SAUDE_HUMANA,True,2019-07-18,2023-03-20,False,0.90,REGULAR
SBS,Safira Brasil S.A.,Safira Brasil,57989054000149,CLIENTE,PEQUENA,JOALHERIA,True,2020-12-11,,True,0.90,REGULAR
CTS,Cutis Solutions LTDA,Cutis Solutions,85766476000190,CLIENTE,MEGA,COSMETICOS_DERMATOLOGICOS,True,2024-11-14,2025-09-20,False,0.98,REGULAR
PNP,Patas Nutrition COMÉRCIO E DISTRIBUIÇÃO LTDA,Patas Nutrition,59080174000154,CLIENTE,GRANDE,SAUDE_ANIMAL,True,2024-05-02,,True,0.95,REGULAR
DMD,Douratta Maison INDÚSTRIA E COMÉRCIO LTDA,Douratta Maison,88782128000103,CLIENTE,PEQUENA,JOALHERIA,False,2020-05-20,,True,0.90,REGULAR
NGC,NaturaDerm Group Care BRASIL LTDA,NaturaDerm Group Care,31390834000184,CLIENTE,MICRO,COSMETICOS_DERMATOLOGICOS,True,2021-08-02,2022-12-03,False,0.90,REGULAR
VLN,Valenza Collection COMÉRCIO E DISTRIBUIÇÃO LTDA,Valenza Collection,15316856000148,CLIENTE,PEQUENA,JOALHERIA,True,2020-07-28,2021-06-28,False,0.90,REGULAR
PLN,Plena Health LTDA,Plena Health,42849506000110,CLIENTE,MICRO,SAUDE_HUMANA,False,2017-01-11,,True,0.90,REGULAR
SDS,Saborê Delícias INDÚSTRIA E COMÉRCIO LTDA,Saborê Delícias,28995646000175,CLIENTE,PEQUENA,ALIMENTICIO,True,2019-09-10,,True,0.90,REGULAR
MND,MundoVet Solutions BRASIL LTDA,MundoVet Solutions,80717306000100,CLIENTE,PEQUENA,SAUDE_ANIMAL,False,2020-06-26,2025-08-03,False,0.90,REGULAR
MGC,Molar Group Concept COMÉRCIO E DISTRIBUIÇÃO LTDA,Molar Group Concept,30613936000159,CLIENTE,MEDIA,ODONTOLOGICO,False,2019-04-16,2025-05-06,False,0.90,REGULAR
ABX,Axion Brasil LTDA,Axion Brasil,72780527000197,CLIENTE,MICRO,ELETRONICOS,True,2019-11-16,2025-12-23,False,0.90,REGULAR
TGS,Trama Group Store BRASIL LTDA,Trama Group Store,66987558000110,CLIENTE,GRANDE,MODA_ACESSORIOS,False,2025-05-07,,True,0.95,REGULAR
PEP,Pixel Electronics BRASIL LTDA,Pixel Electronics,28707384000104,CLIENTE,MEDIA,ELETRONICOS,True,2018-01-09,,True,0.90,REGULAR
PLP,Pixel Labs INDÚSTRIA E COMÉRCIO LTDA,Pixel Labs,52123443000173,CLIENTE,MICRO,ELETRONICOS,False,2017-01-08,2025-05-17,False,0.90,REGULAR
PTS,Patas Labs BRASIL LTDA,Patas Labs,25600213000185,CLIENTE,MEDIA,SAUDE_ANIMAL,True,2022-12-12,,True,0.90,REGULAR
PTR,Petra Prime LTDA,Petra Prime,94533130000133,CLIENTE,GRANDE,SAUDE_ANIMAL,True,2018-09-08,2024-03-07,False,0.95,REGULAR
BRG,Âmbar Group Store BRASIL LTDA,Âmbar Group Store,72706402000117,CLIENTE,MEDIA,MODA_ACESSORIOS,True,2019-02-10,2024-04-16,False,0.90,REGULAR
VTP,Vita Prime BRASIL LTDA,Vita Prime,50780177000126,CLIENTE,MEDIA,SAUDE_HUMANA,False,2020-12-08,2022-08-06,False,0.90,REGULAR
MGL,Med Group Life LTDA,Med Group Life,19648386000170,CLIENTE,MEDIA,SAUDE_HUMANA,True,2021-04-14,2024-11-02,False,0.90,REGULAR
AIL,Alimora Indústria COMÉRCIO E DISTRIBUIÇÃO LTDA,Alimora Indústria,37900191000158,CLIENTE,MICRO,ALIMENTICIO,False,2017-12-16,,True,0.90,REGULAR
TTF,Vitta Fashion BRASIL LTDA,Vitta Fashion,34002463000104,CLIENTE,MEDIA,MODA_ACESSORIOS,True,2017-08-14,,True,0.90,REGULAR
VBV,Vitta Belle LTDA,Vitta Belle,90495038000175,CLIENTE,GRANDE,ESTETICA_BELEZA,True,2018-02-19,2025-12-19,False,0.98,REGULAR
PRS,Pura Essentials BRASIL LTDA,Pura Essentials,47506139000175,CLIENTE,PEQUENA,ESTETICA_BELEZA,True,2019-11-13,2021-03-04,False,0.90,REGULAR
BPB,BioOral Pro BRASIL LTDA,BioOral Pro,48291620000153,CLIENTE,GRANDE,ODONTOLOGICO,False,2017-12-16,,True,0.95,REGULAR
LWL,Linea Wear COMÉRCIO E DISTRIBUIÇÃO LTDA,Linea Wear,22954357000141,CLIENTE,MEDIA,MODA_ACESSORIOS,True,2018-08-01,2024-04-17,False,0.90,REGULAR
CFC,Crocant Foods S.A.,Crocant Foods,66560605000145,CLIENTE,GRANDE,ALIMENTICIO,True,2017-11-22,2025-12-03,False,0.98,REGULAR
OGC,Oral Group Concept LTDA,Oral Group Concept,91912765000153,CLIENTE,MICRO,ODONTOLOGICO,False,2018-11-22,2022-06-20,False,0.90,REGULAR
VLT,Volt Smart COMÉRCIO E DISTRIBUIÇÃO LTDA,Volt Smart,42776364000108,CLIENTE,MICRO,ELETRONICOS,True,2017-06-15,,True,0.90,REGULAR
SLS,Strong Life INDÚSTRIA E COMÉRCIO LTDA,Strong Life,96241273000105,CLIENTE,MEDIA,SUPLEMENTOS_ALIMENTARES,False,2018-10-04,2022-06-01,False,0.90,REGULAR
MDP,Med Prime INDÚSTRIA E COMÉRCIO LTDA,Med Prime,83690986000104,CLIENTE,MEDIA,SAUDE_HUMANA,True,2017-05-24,,True,0.90,REGULAR
VAV,Vitta Atelier INDÚSTRIA E COMÉRCIO LTDA,Vitta Atelier,55828854000152,CLIENTE,PEQUENA,MODA_ACESSORIOS,True,2018-05-19,,True,0.90,REGULAR
TRC,NutriCasa Brasil LTDA,NutriCasa Brasil,77947213000150,CLIENTE,GRANDE,ALIMENTICIO,False,2018-12-20,2024-01-18,False,0.95,REGULAR
OOR,Orbe Ouro S.A.,Orbe Ouro,74746680000123,CLIENTE,MEGA,JOALHERIA,False,2025-02-09,,True,0.97,REGULAR
LNB,Linea Brasil COMÉRCIO E DISTRIBUIÇÃO LTDA,Linea Brasil,94993592000133,CLIENTE,PEQUENA,MODA_ACESSORIOS,True,2020-12-02,2025-09-16,False,0.90,REGULAR
NGB,Noma Group Brasil S.A.,Noma Group Brasil,57018946000100,CLIENTE,MEDIA,MODA_ACESSORIOS,True,2025-12-14,,True,0.90,REGULAR
ODR,Orbe Design S.A.,Orbe Design,83828838000103,CLIENTE,MEDIA,JOALHERIA,True,2020-04-03,2024-09-10,False,0.90,REGULAR
VDV,Valenza Design S.A.,Valenza Design,54619747000151,CLIENTE,MEDIA,JOALHERIA,False,2022-05-05,2023-10-13,False,0.90,REGULAR
AGI,Alimora Group Indústria LTDA,Alimora Group Indústria,62916543000100,CLIENTE,MEDIA,ALIMENTICIO,False,2021-07-24,2025-10-17,False,0.90,REGULAR
MGN,Magnólia Prime COMÉRCIO E DISTRIBUIÇÃO LTDA,Magnólia Prime,89012743000195,CLIENTE,PEQUENA,ESTETICA_BELEZA,False,2016-04-26,,True,0.90,REGULAR
JJJ,Joya Jewels LTDA,Joya Jewels,25165943000103,CLIENTE,MEDIA,JOALHERIA,True,2023-04-13,2024-02-05,False,0.90,REGULAR
PRM,PrimeNutri Labs BRASIL LTDA,PrimeNutri Labs,30932067000125,CLIENTE,MEDIA,SUPLEMENTOS_ALIMENTARES,True,2019-06-08,,True,0.90,REGULAR
BTB,BioOral Tech BRASIL LTDA,BioOral Tech,95182760000173,CLIENTE,PEQUENA,ODONTOLOGICO,False,2020-06-19,,True,0.90,REGULAR
LML,Lumina Medical INDÚSTRIA E COMÉRCIO LTDA,Lumina Medical,57217149000144,CLIENTE,GRANDE,SAUDE_HUMANA,True,2019-05-23,,True,0.95,REGULAR
CRS,Core Science S.A.,Core Science,86947972000103,CLIENTE,PEQUENA,SUPLEMENTOS_ALIMENTARES,False,2020-02-02,2024-12-03,False,0.90,REGULAR
MXF,MaxFit Performance LTDA,MaxFit Performance,73634916000177,CLIENTE,GRANDE,SUPLEMENTOS_ALIMENTARES,True,2019-06-15,2024-04-05,False,0.95,REGULAR
VGS,Vet Group Solutions INDÚSTRIA E COMÉRCIO LTDA,Vet Group Solutions,93481843000138,CLIENTE,PEQUENA,SAUDE_ANIMAL,True,2022-04-18,,True,0.90,REGULAR
VTV,Vet Vitta S.A.,Vet Vitta,11043267000182,CLIENTE,PEQUENA,SAUDE_ANIMAL,True,2018-04-16,,True,0.90,REGULAR
DSD,Derma Solutions INDÚSTRIA E COMÉRCIO LTDA,Derma Solutions,38525825000100,CLIENTE,MEDIA,COSMETICOS_DERMATOLOGICOS,False,2016-07-23,2024-10-22,False,0.90,REGULAR
MSN,Maison Essentials INDÚSTRIA E COMÉRCIO LTDA,Maison Essentials,18210036000165,CLIENTE,PEQUENA,ESTETICA_BELEZA,True,2024-06-20,2025-04-18,False,0.90,REGULAR
DGL,Derma Group Labs LTDA,Derma Group Labs,19000180000130,CLIENTE,PEQUENA,COSMETICOS_DERMATOLOGICOS,False,2019-03-06,2024-07-13,False,0.90,REGULAR
CRL,Cura Life LTDA,Cura Life,97587881000120,CLIENTE,GRANDE,SAUDE_HUMANA,False,2019-06-24,2025-08-01,False,0.98,REGULAR
CMC,Cutis Medical LTDA,Cutis Medical,46300277000130,CLIENTE,MEDIA,COSMETICOS_DERMATOLOGICOS,True,2019-07-11,2025-05-04,False,0.90,REGULAR
GPG,GranMio Produtos INDÚSTRIA E COMÉRCIO LTDA,GranMio Produtos,25028553000183,CLIENTE,MEGA,ALIMENTICIO,True,2021-12-08,2025-03-17,False,0.98,REGULAR
NVB,Nova Brasil S.A.,Nova Brasil,81118991000103,CLIENTE,GRANDE,ELETRONICOS,False,2017-12-09,,True,0.95,REGULAR
NVS,Nova Solutions BRASIL LTDA,Nova Solutions,97775313000153,CLIENTE,MEGA,ELETRONICOS,False,2018-10-18,2025-11-15,False,0.98,REGULAR
GCG,Glow Concept S.A.,Glow Concept,56192913000101,CLIENTE,MEGA,ESTETICA_BELEZA,False,2021-10-14,2025-04-01,False,0.98,REGULAR
LNP,Plena Prime LTDA,Plena Prime,94588052000174,CLIENTE,PEQUENA,SAUDE_HUMANA,True,2017-03-16,2024-12-02,False,0.90,REGULAR
AJR,Aurum Joias S.A.,Aurum Joias,54592852000144,CLIENTE,PEQUENA,JOALHERIA,True,2021-05-06,,True,0.90,REGULAR
BGB,BelaMesa Gourmet INDÚSTRIA E COMÉRCIO LTDA,BelaMesa Gourmet,67328792000107,CLIENTE,GRANDE,ALIMENTICIO,True,2021-12-28,2025-09-11,False,0.98,REGULAR
NEN,Nova Electronics COMÉRCIO E DISTRIBUIÇÃO LTDA,Nova Electronics,35434901000176,CLIENTE,MEGA,ELETRONICOS,True,2019-11-17,2025-07-25,False,0.98,REGULAR
RGR,Aura Group Studio INDÚSTRIA E COMÉRCIO LTDA,Aura Group Studio,93620131000152,CLIENTE,MEDIA,ESTETICA_BELEZA,True,2020-07-04,,True,0.90,REGULAR
FBF,Fauna Brasil COMÉRCIO E DISTRIBUIÇÃO LTDA,Fauna Brasil,42827902000146,CLIENTE,PEQUENA,SAUDE_ANIMAL,False,2023-11-20,2025-10-22,False,0.90,REGULAR
SNS,Strong Nutrition COMÉRCIO E DISTRIBUIÇÃO LTDA,Strong Nutrition,67247886000143,CLIENTE,GRANDE,SUPLEMENTOS_ALIMENTARES,True,2019-10-26,,True,0.95,REGULAR
CRB,Core Brasil BRASIL LTDA,Core Brasil,53909856000140,CLIENTE,PEQUENA,SUPLEMENTOS_ALIMENTARES,False,2018-12-02,2023-04-26,False,0.90,REGULAR
LPL,Lumi Prime S.A.,Lumi Prime,14188093000134,CLIENTE,PEQUENA,ESTETICA_BELEZA,True,2026-02-12,,True,0.90,REGULAR
CNC,Core Nutrition S.A.,Core Nutrition,42782937000106,CLIENTE,MICRO,SUPLEMENTOS_ALIMENTARES,True,2017-08-28,2021-11-25,False,0.90,REGULAR
TFT,TerraDourada Foods LTDA,TerraDourada Foods,21342852000137,CLIENTE,GRANDE,ALIMENTICIO,True,2023-03-26,2025-12-17,False,0.98,REGULAR
OGM,Oral Group Medical LTDA,Oral Group Medical,59216026000114,CLIENTE,MEDIA,ODONTOLOGICO,True,2020-07-04,,True,0.90,REGULAR
MWM,Marea Wear LTDA,Marea Wear,41261729000107,CLIENTE,MICRO,MODA_ACESSORIOS,True,2019-02-13,2023-09-03,False,0.90,REGULAR
NXB,Nexa Brasil S.A.,Nexa Brasil,77963398000196,CLIENTE,MEDIA,SAUDE_HUMANA,True,2021-02-26,,True,0.90,REGULAR
BVB,BioVet Vitta COMÉRCIO E DISTRIBUIÇÃO LTDA,BioVet Vitta,58714160000182,CLIENTE,MEGA,SAUDE_ANIMAL,False,2022-09-03,2024-12-24,False,0.97,REGULAR
NLN,Nutra Life S.A.,Nutra Life,92563448000131,CLIENTE,MEDIA,SUPLEMENTOS_ALIMENTARES,False,2017-01-11,,True,0.90,REGULAR
TRR,TerraDourada Alimentos COMÉRCIO E DISTRIBUIÇÃO LTDA,TerraDourada Alimentos,60025056000122,CLIENTE,GRANDE,ALIMENTICIO,False,2025-08-11,,True,0.95,REGULAR
CGB,Core Group Brasil BRASIL LTDA,Core Group Brasil,44081504000159,CLIENTE,PEQUENA,ELETRONICOS,False,2025-04-20,,True,0.90,REGULAR
TTD,VittaDerma Labs S.A.,VittaDerma Labs,23530706000160,CLIENTE,PEQUENA,COSMETICOS_DERMATOLOGICOS,True,2021-05-03,,True,0.90,REGULAR
DGD,Dermo Group Derm INDÚSTRIA E COMÉRCIO LTDA,Dermo Group Derm,54179599000100,CLIENTE,MEGA,COSMETICOS_DERMATOLOGICOS,True,2020-02-18,,True,0.96,REGULAR
PTP,Pixel Tech COMÉRCIO E DISTRIBUIÇÃO LTDA,Pixel Tech,51183475000100,CLIENTE,MEDIA,ELETRONICOS,False,2025-07-28,,True,0.90,REGULAR
BEB,Bella Essentials BRASIL LTDA,Bella Essentials,20931304000180,CLIENTE,PEQUENA,ESTETICA_BELEZA,True,2019-05-07,2022-05-02,False,0.90,REGULAR
ALN,Animalis Life LTDA,Animalis Life,50443833000103,CLIENTE,MICRO,SAUDE_ANIMAL,False,2021-07-20,2025-05-22,False,0.90,REGULAR
DNT,Dental Group Lab INDÚSTRIA E COMÉRCIO LTDA,Dental Group Lab,75019788000187,CLIENTE,GRANDE,ODONTOLOGICO,True,2019-08-26,2025-01-05,False,0.98,REGULAR
CRD,Core Devices LTDA,Core Devices,33845513000152,CLIENTE,GRANDE,ELETRONICOS,True,2018-08-23,,True,0.95,REGULAR
PSP,Patas Solutions BRASIL LTDA,Patas Solutions,32335966000176,CLIENTE,MICRO,SAUDE_ANIMAL,False,2017-06-28,2023-12-13,False,0.90,REGULAR
VMV,Voga Moda COMÉRCIO E DISTRIBUIÇÃO LTDA,Voga Moda,97845521000181,CLIENTE,PEQUENA,MODA_ACESSORIOS,True,2023-04-23,,True,0.90,REGULAR
BIB,BelaMesa Indústria S.A.,BelaMesa Indústria,81162175000105,CLIENTE,MEDIA,ALIMENTICIO,True,2018-12-01,,True,0.90,REGULAR
HSH,Huma Solutions BRASIL LTDA,Huma Solutions,95123099000125,CLIENTE,MEDIA,SAUDE_HUMANA,True,2019-08-02,,True,0.90,REGULAR
AGD,Axion Group Digital LTDA,Axion Group Digital,79091581000174,CLIENTE,MEDIA,ELETRONICOS,True,2018-06-22,2025-05-17,False,0.90,REGULAR
NXS,Nexa Sistemas BRASIL LTDA,Nexa Sistemas,60319865000147,CLIENTE,GRANDE,ELETRONICOS,False,2021-09-05,2024-08-04,False,0.95,REGULAR
OCR,Oral Concept INDÚSTRIA E COMÉRCIO LTDA,Oral Concept,32175958000100,CLIENTE,MEDIA,ODONTOLOGICO,True,2019-01-11,2024-08-23,False,0.90,REGULAR
CGC,Clari Group Care BRASIL LTDA,Clari Group Care,22454699000100,CLIENTE,GRANDE,ODONTOLOGICO,False,2025-06-03,,True,0.95,REGULAR
DAD,Douratta Atelier LTDA,Douratta Atelier,20249747000195,CLIENTE,MICRO,JOALHERIA,False,2026-02-13,,True,0.90,REGULAR
CGL,Cura Group Life COMÉRCIO E DISTRIBUIÇÃO LTDA,Cura Group Life,90164385000115,CLIENTE,MEDIA,SAUDE_HUMANA,True,2020-02-11,,True,0.90,REGULAR
TTC,Vitta Collection LTDA,Vitta Collection,83638124000124,CLIENTE,MICRO,MODA_ACESSORIOS,True,2020-08-06,2021-02-09,False,0.90,REGULAR
WFW,Woonka Foods S.A.,Woonka Foods,49916344000134,CLIENTE,MEDIA,ALIMENTICIO,True,2022-03-24,,True,0.90,REGULAR
XNG,Axion Group Sistemas LTDA,Axion Group Sistemas,57343098000105,CLIENTE,MEDIA,ELETRONICOS,True,2016-08-10,2023-12-03,False,0.90,REGULAR
DLD,Dental Lab S.A.,Dental Lab,27715770000177,CLIENTE,GRANDE,ODONTOLOGICO,True,2019-09-05,2025-09-02,False,0.98,REGULAR
NTL,Dente Lab INDÚSTRIA E COMÉRCIO LTDA,Dente Lab,54871473000193,CLIENTE,MEDIA,ODONTOLOGICO,False,2024-01-14,,True,0.90,REGULAR
CCC,CasaNobre Chocolates INDÚSTRIA E COMÉRCIO LTDA,CasaNobre Chocolates,97660176000101,CLIENTE,MEDIA,ALIMENTICIO,True,2020-06-01,,True,0.90,REGULAR
APN,Animalis Pharma S.A.,Animalis Pharma,70350514000152,CLIENTE,PEQUENA,SAUDE_ANIMAL,True,2021-11-03,,True,0.90,REGULAR
NGS,NutriCasa Group Sabores S.A.,NutriCasa Group Sabores,21895248000138,CLIENTE,MICRO,ALIMENTICIO,True,2018-09-14,2025-11-15,False,0.90,REGULAR
OGO,Orbe Group Ouro S.A.,Orbe Group Ouro,51538393000122,CLIENTE,MEDIA,JOALHERIA,True,2023-07-04,2024-07-20,False,0.90,REGULAR
TRD,NaturaDerm Labs INDÚSTRIA E COMÉRCIO LTDA,NaturaDerm Labs,35628899000176,CLIENTE,MEDIA,COSMETICOS_DERMATOLOGICOS,True,2024-11-28,,True,0.90,REGULAR
BBB,Bella Brasil S.A.,Bella Brasil,30253657000121,CLIENTE,GRANDE,ESTETICA_BELEZA,False,2025-11-12,,True,0.95,REGULAR
NDN,NaturaDerm Derm LTDA,NaturaDerm Derm,89315380000167,CLIENTE,PEQUENA,COSMETICOS_DERMATOLOGICOS,True,2022-05-11,,True,0.90,REGULAR
TTM,Vitta Moda INDÚSTRIA E COMÉRCIO LTDA,Vitta Moda,22827802000102,CLIENTE,MICRO,MODA_ACESSORIOS,True,2018-10-16,2025-05-06,False,0.90,REGULAR
LGH,LumiDerma Group Health COMÉRCIO E DISTRIBUIÇÃO LTDA,LumiDerma Group Health,49016844000110,CLIENTE,MEDIA,COSMETICOS_DERMATOLOGICOS,True,2018-02-27,2025-02-13,False,0.90,REGULAR
LNL,Plena Labs BRASIL LTDA,Plena Labs,92117880000107,CLIENTE,PEQUENA,SAUDE_HUMANA,False,2023-03-18,,True,0.90,REGULAR
NTS,Dente Solutions S.A.,Dente Solutions,35005209000122,CLIENTE,MEDIA,ODONTOLOGICO,True,2020-06-18,2025-12-20,False,0.90,REGULAR
LTB,Volt Brasil S.A.,Volt Brasil,39713709000170,CLIENTE,GRANDE,ELETRONICOS,False,2022-01-23,,True,0.95,REGULAR
AAV,Avela Atelier INDÚSTRIA E COMÉRCIO LTDA,Avela Atelier,91534984000146,CLIENTE,GRANDE,MODA_ACESSORIOS,True,2017-06-23,,True,0.95,REGULAR
RMN,PrimeNutri Brasil LTDA,PrimeNutri Brasil,70076227000104,CLIENTE,MEDIA,SUPLEMENTOS_ALIMENTARES,True,2018-03-16,2025-04-18,False,0.90,REGULAR
BGL,BioForce Group Labs LTDA,BioForce Group Labs,68011300000100,CLIENTE,MEDIA,SUPLEMENTOS_ALIMENTARES,False,2020-09-22,,True,0.90,REGULAR
CGN,Core Group Nutrition INDÚSTRIA E COMÉRCIO LTDA,Core Group Nutrition,26601107000189,CLIENTE,MEDIA,SUPLEMENTOS_ALIMENTARES,True,2016-07-06,,True,0.90,REGULAR
LEL,Lumi Estética S.A.,Lumi Estética,61184679000100,CLIENTE,PEQUENA,ESTETICA_BELEZA,True,2019-09-08,2024-09-20,False,0.90,REGULAR
PVP,Patas Vitta S.A.,Patas Vitta,95271709000138,CLIENTE,MEDIA,SAUDE_ANIMAL,False,2017-07-12,2024-02-27,False,0.90,REGULAR
JGA,Joya Group Atelier BRASIL LTDA,Joya Group Atelier,73825213000126,CLIENTE,MEGA,JOALHERIA,True,2019-11-12,2025-04-07,False,0.98,REGULAR
LGC,LumiDerma Group Cosmetics COMÉRCIO E DISTRIBUIÇÃO LTDA,LumiDerma Group Cosmetics,20854027000159,CLIENTE,MEDIA,COSMETICOS_DERMATOLOGICOS,True,2016-11-05,,True,0.90,REGULAR
GFG,GranMio Foods BRASIL LTDA,GranMio Foods,96444898000166,CLIENTE,PEQUENA,ALIMENTICIO,False,2020-11-07,2025-01-05,False,0.90,REGULAR
APL,Alimora Produtos S.A.,Alimora Produtos,70012957000133,CLIENTE,GRANDE,ALIMENTICIO,True,2018-12-01,2025-12-18,False,0.98,REGULAR
ASN,Animalis Solutions COMÉRCIO E DISTRIBUIÇÃO LTDA,Animalis Solutions,54224047000168,CLIENTE,PEQUENA,SAUDE_ANIMAL,False,2017-09-28,2023-02-02,False,0.90,REGULAR
BTG,Orbit Group Connect LTDA,Orbit Group Connect,49456688000108,CLIENTE,GRANDE,ELETRONICOS,True,2025-06-05,,True,0.95,REGULAR
WCW,Woonka Chocolates S.A.,Woonka Chocolates,51650432000189,CLIENTE,MICRO,ALIMENTICIO,False,2020-05-23,,True,0.90,REGULAR
PWR,Power Nutrition BRASIL LTDA,Power Nutrition,52803206000153,CLIENTE,MEDIA,SUPLEMENTOS_ALIMENTARES,True,2018-09-21,2025-06-09,False,0.90,REGULAR
CGM,Clin Group Medical LTDA,Clin Group Medical,64513798000158,CLIENTE,MICRO,SAUDE_HUMANA,True,2026-01-07,,True,0.90,REGULAR
EGN,Evo Group Nutrition S.A.,Evo Group Nutrition,72145745000150,CLIENTE,MEDIA,SUPLEMENTOS_ALIMENTARES,False,2021-05-21,,True,0.90,REGULAR
NGL,NaturaDerm Group Labs INDÚSTRIA E COMÉRCIO LTDA,NaturaDerm Group Labs,18968000000145,CLIENTE,MICRO,COSMETICOS_DERMATOLOGICOS,True,2025-07-12,,True,0.90,REGULAR
PGC,Prisma Group Concept LTDA,Prisma Group Concept,55576831000106,CLIENTE,MEGA,ODONTOLOGICO,True,2023-04-06,2024-06-03,False,0.97,REGULAR
